; In the comment field (third column), enter a percentage of confidence

# Code Segments
00000200, init, "100% - Entry point - initializes hardware, waits for joypad detection, then branches to main"
00000208, main, "100% - Main game start"
00019D16, vblank_handler, "100% - VBlank IRQ Handler"

# Boot / Hardware Init Locations (part of init at 00000200 — runs before game_infinite_loop)
0000020E, boot_wait_joypad_idle, "100% - Warm/cold boot detection: tests I/O control ports ($A10008–$A1000D); if any are active (warm boot), jumps to boot_validate_checksum"
00000234, boot_post_tmss, "100% - Convergence point after TMSS check; reads VDP status to clear pending state, then begins VDP register initialisation"
0000023E, boot_init_vdp_regs, "100% - Writes 24 VDP register values to the VDP control port (a4); d5 starts at $8000, d7=$0100 increments register number"
00000254, boot_vdp_ready_copy, "100% - Tests VDP busy flag, then copies 40 bytes from ROM to VRAM"
00000266, boot_clear_user_stack, "100% - Zeroes the user stack: pushes d0 (=0) onto USP via -(a6), d6+1 iterations"
0000027A, boot_clear_cram, "100% - Writes 32 zero longs to CRAM (VDP address $C0000000 set at line prior)"
00000288, boot_clear_vram_b, "100% - Writes 20 zero longs to VDP RAM address $40000010"
00000290, boot_finalize_vram_upload, "100% - Uploads final 4 bytes to VDP RAM at offset $11, then restores all registers and SR"
0000025A, boot_vdp_copy_loop, "100% - Loop: copies 40 bytes from ROM (a5)+ to VDP data port (a0)+"
00000308, boot_validate_checksum, "100% - Reads hardware revision from $A10001; if non-zero (TMSS hardware), writes SEGA token directly; if zero (old hardware), branches to checksum validation"
00000320, boot_modem_port_test, "100% - Junction point after TMSS write: tests bit 6 of io_modem_control_port ($A1000D); if set, skips RAM clear (warm boot path)"
0000033A, boot_checksum_loop, "100% - Accumulates 16-bit sum (add.w) of ROM region; used to verify cart header checksum"
0000036E, boot_skip_ram_clear, "100% - Skips full RAM clear (branch target from boot_modem_port_test on warm boot)"
0000037A, boot_clear_ram_loop, "100% - Clears ~64KB of work RAM: 506 iterations × memfill_long_128 (128 bytes each) starting at mem_ram"
00000412, boot_checksum_fail, "100% - Red screen of death if the checksum verification fails"
00000434, boot_checksum_fail_infinite_loop, "100% - Red screen of death if the checksum verification fails"

000003A2, game_infinite_loop, "100% - This is the core infinite loop that reads game_state and dispatches execution."
000003BA, game_state_handler_table, "100% - L[22] - Absolute handler pointers for the eleven init/update game-state pairs ($00 through $2A)"
00000436, sub_state_dispatcher, "100% - Jump table dispatcher"
00000464, level_flow_handler, "100% - Handles level flow transitions and round state flags (FA72)"
00000576, load_level_data, "100% - Loads level-specific data from ROM table at $1C378"
000005F4, init_level_state, "100% - Loads level headers, art, and initializes the level game mode."
000006A6, update_camera_scroll_if_needed, "100% - Compares screen boundaries ($E01A) and updates object positions ($10)."
00000784, process_timed_spawn_records, "100% - Consumes timed six-byte ELC spawn records through elc_spawn_stream_cursor; $99 marks the end of the active list"
00000C28, clear_object_table, "100% - Iterates through object RAM ($B900) and clears slots if conditions are met."
00000C60, spawn_single_object, "100% - Initializes a single object entity in RAM with data from the script (A2)."
00000CC0, spawn_object_batch, "100% - Reads level data to spawn a group of enemies/objects into the object table."
00000E46, find_free_object_slot, "100% - Scans the object table ($B900) for an empty slot (type 0)."
00000E5C, start_round_setup, "100% - Initializes round-specific data, spawns initial enemies, and sets scroll."
; Mode-select screen (game_state $10/$12) — also called from init_selectscreenmode
00000FE8, init_game_start_screen, "100% - Mode-select init: clear cheat_flag, load menu art, draw 1P/2P/OPTIONS, set select_menu_option_count from P2 pad"
0000108E, game_start_screen_update, "100% - Mode-select/OPTIONS update: START skip in OPTIONS, dispatch select_screen_substate via jump table $10C4"
000010F2, select_menu_wait_fade_in, "100% - Select sub-state $00: run cursor object + wait palette fade-in (sub_105CC)"
000010F6, select_menu_wait_fade, "100% - Select helper: advance select_screen_substate when fade step completes"
00001104, select_menu_input, "100% - Select sub-state $02: wait face/Start on p1_button_press; else sync pad count + cursor"
00001124, select_menu_alt_palette, "100% - Select sub-state $0C: load no-P2 palette list $72684 then begin fade"
00001130, select_menu_begin_fade_out, "100% - Select sub-state $04/$28: palette_fade_counter=$40, advance sub-state"
0000113C, select_menu_fade_out, "100% - Select sub-state $06/$2A: palette fade-out step (sub_10576)"
0000114A, select_menu_resolve_choice, "100% - Select sub-state $08: cursor<2 sets player_mode and game_state=$20; else OPTIONS (+ optional cheat_flag)"
0000117C, options_menu_build, "100% - OPTIONS sub-state $0A: clear sprites, draw labels/values; cheat draws lives+level digits"
000011C8, options_highlight_sound_test, "100% - OPTIONS sub-state $10: highlight sound-test row then fall into draw"
000011D4, options_draw_sound_name, "100% - Draw sound_test_index name row from $1C684 to VDP (12-byte entries)"
00001218, options_input_sound_test, "100% - OPTIONS sub-state $12: L/R change sound_test_index 0..$48; face plays options_sound_id_table"
000012D4, options_highlight_difficulty, "100% - OPTIONS sub-state $14: highlight difficulty row"
000012E4, options_draw_difficulty, "100% - Draw difficulty string from $12FE (7 chars × value)"
0000131A, options_input_difficulty, "100% - OPTIONS sub-state $16: L/R wrap difficulty 0..3"
00001360, options_highlight_controls, "100% - OPTIONS sub-state $18: highlight control-scheme row"
00001370, options_draw_controls, "100% - Draw control_scheme description from $1C9FC ($50-byte blocks)"
00001390, options_input_controls, "100% - OPTIONS sub-state $1A: L/R wrap control_scheme 0..2"
000013D6, options_highlight_lives, "100% - OPTIONS sub-state $1C (cheat): highlight lives row"
000013E6, options_draw_lives_digit, "100% - Write lives_setting digit tile to VDP (cheat row)"
00001404, options_input_lives, "100% - OPTIONS sub-state $1E (cheat): L/R wrap lives_setting 0..3"
0000144A, options_highlight_level, "100% - OPTIONS sub-state $20 (cheat): highlight level row"
0000145A, options_draw_level_digit, "100% - Write level digit tile to VDP (cheat row)"
00001476, options_input_level, "100% - OPTIONS sub-state $22 (cheat): L/R adjust level ($FF02)"
000014BC, options_highlight_exit, "100% - OPTIONS sub-state $24: highlight EXIT row"
000014CA, options_input_exit, "100% - OPTIONS sub-state $26: face button advances to exit fade"
000014EA, options_menu_return, "100% - OPTIONS sub-state $2C: game_state=$10 (re-enter mode-select init)"
000014F2, options_row_nav, "100% - OPTIONS Up/Down: move select_screen_substate between rows; skips lives/level without cheat_flag"
00001546, select_menu_sync_pad_count, "100% - Hot-plug: set select_menu_option_count to 3 or 1 from p2_joypad_present_negated"
00001564, player_state_dispatcher, "100% - Jump table on object+$30; on mode-select drives menu cursor states"
0000157C, select_menu_cursor_init, "100% - Menu cursor object: set anim timer and advance object+$30"
00001586, select_menu_cursor_update, "100% - Menu cursor: Up/Down change select_menu_cursor 0..2, place sprite, skip 2P if one pad"

; Character select (game_state $20/$22 core at $1634; wrappers at $927C/$92A8)
00001634, init_character_select_screen, "100% - Char-select init: clear low RAM, spawn type-6 cursors + type-7 animated character previews, load art/UI"
0000170A, screen_state_dispatcher, "100% - Dispatch char_select_substate ($F904) via jump table $171A"
00001726, char_select_play_music, "100% - Char-select sub-state $00: queue select BGM, advance, run update_objects_and_build_sprites"
00001738, char_select_fade_in, "100% - Char-select sub-state $02: wait fade-in; enable character-preview animation flags"
0000175A, char_select_interactive, "100% - Char-select sub-state $04: idle timer + objects; when confirm_count met start exit delay"
00001788, char_select_exit_delay, "100% - Char-select sub-state $06: countdown char_select_exit_delay then advance"
00001794, char_select_fade_out, "100% - Char-select sub-state $08: palette fade-out step"
000017A2, initialize_player_continues, "100% - Char-select exit: continues=3, lives=2*lives_setting+1, clear specials, game_state=$28"
000017DA, char_select_idle_tick, "100% - Decrement char_select_idle_timer; toggle idle anim phase"
00001802, char_select_upload_preview_dma, "100% - DMA animated full-body character-preview frames for type-7 objects when dirty"
000018D4, char_select_cursor_dispatcher, "100% - Type-$06 cursor dispatcher; merges the owning player's already-sampled held buttons into object+$54, then dispatches setup/input through the table at $18F6"
000018FA, char_select_cursor_setup, "100% - Type-6 cursor setup: position/anim for P1 or P2 path"
00001916, char_select_player_input, "100% - Type-6 input: L/R change char slot (anti-collide in 2P), face confirms → p1/p2_character_id"
00001A12, char_select_character_preview_dispatcher, "100% - Type-7 animated character-preview state dispatch (selection / animation)"
00001A44, char_select_character_preview_setup, "100% - Type-7 character-select preview setup: selects character-specific animation data, writes full-body preview X/lane/height, advances state, and starts the idle animation"
00001C44, update_player_object, "100% - Main type-$01 player update: snapshots transform state, runs input/combat/animation/HUD logic, and advances the shared player scratch cursor"
0000AD8E, update_objects_and_build_sprites, "100% - Per-frame object pass: dispatches both players and 66 object slots, performs the no-video VBlank wait, depth-buckets visible objects, and rebuilds the linked active prefix of the RAM SAT"

# Game Mode Handlers (from ROM jump table at $3BA — 100% confirmed)
00008EAC, init_segascreen, "100% - Initialises the Sega logo screen (game_state=0x00)"
00008F44, game_mode_segascreen, "100% - Updates the Sega logo screen (game_state=0x02)"
00008FD0, init_intro, "100% - Initialises the story intro screen (game_state=0x04)"
0000904E, game_mode_intro, "100% - Updates the story intro screen (game_state=0x06)"
000090C8, init_titlescreen, "100% - Initialises the title screen (game_state=0x08)"
00009102, game_mode_titlescreen, "100% - Updates the title screen (game_state=0x0A)"
00009128, init_top10score, "100% - Initialises the hi-score display (game_state=0x0C)"
00009152, game_mode_top10score, "100% - Updates the hi-score display (game_state=0x0E)"
00009170, init_selectscreenmode, "100% - Initialises the main menu / mode-select screen (game_state=0x10); calls init_game_start_screen"
0000919A, game_mode_selectscreenmode, "100% - Updates the main menu / mode-select screen (game_state=0x12); jumps to game_start_screen_update"
00010840, init_ingame, "100% - Initialises in-game / attract mode state (game_state=0x14)"
0001087A, game_mode_ingame, "100% - Updates in-game / attract mode state (game_state=0x16)"
000091A0, init_roundclear, "100% - Initialises the round-clear / score tally screen (game_state=0x18)"
000091CE, game_mode_roundclear, "100% - Updates the round-clear / score tally screen (game_state=0x1A)"
00009250, init_ending_bad, "100% - Initialises the bad ending (game_state=0x1C)"
00009278, game_mode_ending_bad, "100% - Updates the bad ending (game_state=0x1E)"
0000927C, init_characterselectscreen, "100% - Initialises the character select screen (game_state=0x20); calls init_character_select_screen + load_z80_dac_driver"
000092A8, game_mode_characterselectscreen, "100% - Updates the character select screen (game_state=0x22); jumps to screen_state_dispatcher"
000091D4, init_ending_good, "100% - Initialises the good ending (game_state=0x24)"
00009214, game_mode_ending_good, "100% - Updates the good ending (game_state=0x26)"
000106EA, init_levelstart, "100% - Initialises the level-start / intro sequence (game_state=0x28)"
0001077C, game_mode_levelstart, "100% - Updates the level-start / intro sequence (game_state=0x2A)"

# Story / campaign progression
0000502C, end_level_player_exit_update, "100% - While end_of_level_flag is set, moves the player through the stage exit and starts the fade to round clear"
000087C6, bad_ending_sequence_init, "100% - Builds the bad-ending scene, selects the surviving character art, queues ending music $8F, and initialises bad_ending_substate"
00008890, bad_ending_sequence_update, "100% - Dispatches bad_ending_substate ($F910) through the relative table at $88A0 and updates ending objects"
0000B3C6, good_ending_sequence_init, "100% - Loads good-ending assets/tilemaps and initialises the shared story-scene object timeline"
0000B6DE, story_scene_timeline_update, "100% - Shared intro/good-ending timeline: emits scripted objects and writes its configured next game_state when the scene list ends"
00012B02, clear_presentation_object_slot, "100% - Clears the current 128-byte presentation/object slot; shared by story, ending, and boss-presentation objects"
00012B0A, find_presentation_object_slot, "100% - Searches the object pool selected by the low word of d0 for a slot whose type byte matches the high-word request, returning it in a1"
00012B3C, dispatch_presentation_object_state_table, "100% - Dispatches presentation object state byte +$30 through the caller-supplied absolute word table in a1"
0000BB58, presentation_type8e_static_sprite_dispatcher, "100% - Type-$8E presentation sprite dispatcher: initializes a screen-space sprite from $3A300, selects one of two X positions from +$58, and then idles"
0000C58C, presentation_type79_palette_cycle_dispatcher, "100% - Type-$79 presentation palette cycler: copies four six-longword palette frames from $3F556 into active palette RAM on a timed loop"
0000C6E0, presentation_type6e_slide_in_sprite_dispatcher, "100% - Type-$6E presentation sprite dispatcher: initializes a screen-space sprite, optionally slides it left to X=$78, then idles"
0000C756, presentation_type6f_slide_in_sprite_dispatcher, "100% - Type-$6F presentation sprite dispatcher: initializes a screen-space sprite, optionally slides it right to X=$D0, then idles"
0000C7D0, presentation_type75_slide_in_sprite_dispatcher, "100% - Type-$75 presentation sprite dispatcher: initializes a low screen-space sprite, optionally slides it right to X=$58, then idles"
0000C846, presentation_type76_slide_in_sprite_dispatcher, "100% - Type-$76 presentation sprite dispatcher: initializes a second low screen-space sprite variant, optionally slides it right to X=$58, then idles"
0000C924, presentation_type78_blinking_sprite_dispatcher, "100% - Type-$78 presentation sprite dispatcher: initializes a fixed screen-space sprite and toggles its render flag every $14 frames"
0000C97A, presentation_type7a_vertical_sprite_dispatcher, "100% - Type-$7A presentation sprite dispatcher: initializes a variant sprite with upward Z motion and clamps at Z=$C8"
0000C9D0, presentation_type7b_horizontal_sprite_dispatcher, "100% - Type-$7B presentation sprite dispatcher: initializes a variant sprite with rightward X motion and clamps at X=$80"
0000CA26, presentation_type7c_horizontal_sprite_dispatcher, "100% - Type-$7C presentation sprite dispatcher: initializes a variant sprite with leftward X motion and clamps at X=$C8"
0000CBE6, presentation_type64_tile_strip_anim_dispatcher, "100% - Type-$64 presentation tile-strip animator: writes timed source strips from $3FB24/$3FD8C and $3FB0E through VDP/tile-buffer helper paths"
0000CCE8, presentation_type65_camera_y_drift_dispatcher, "100% - Type-$65 presentation camera drift object: increments camera_y every four frames until its lifetime byte expires"
0000CD22, presentation_type60_plane_fill_dispatcher, "100% - Type-$60 presentation plane-fill object: every four frames writes $FFFF through the shared tile-buffer fill helper until its lifetime expires"
0000D112, presentation_type61_palette_fade_dispatcher, "100% - Type-$61 presentation palette object: loads palette list 7 then repeatedly steps palette RAM toward the target palette"
0000D2A4, presentation_type63_palette_swap_dispatcher, "100% - Type-$63 presentation palette object: after an initial delay, rotates selected palette words at $F43A/$F43C on a timed six-frame cycle"
0000D5C8, presentation_type7f_palette_fade_signal_dispatcher, "100% - Type-$7F presentation palette object: runs a timed multi-palette fade and sets object +$58 when the fade interval completes"
000108CC, ingame_finish_fade, "100% - Finishes gameplay fade-out and routes campaign play to round clear ($18), attract mode to logo/top-10, or the special restart branch"
00010F80, vblank_update_gameplay_health_bars, "100% - During gameplay/level-start VBlank, updates player and registered boss health-bar tile rows, applies their HUD tilemap bundles, and handles final-boss display state"
00011072, vblank_upload_player_health_bar, "100% - Writes one pending player health-bar tile row from a1 to the selected VDP destination and clears its $FC0C/$FC10 source pointer"
0001108E, vblank_upload_boss_health_bar, "100% - Writes one registered boss health-bar tile row from its object pointer to the selected VDP destination"
000112C0, init_level_index2_background_effect, "100% - During level-start init, enables the level-index-2 background effect by decoding $65976 to scratch RAM; clears the effect flag on all other levels"
000112F2, dispatch_per_level_ambient_effects, "100% - Per-frame gameplay dispatcher indexed by level through $11300; first two level entries are no-ops in the observed early-level call log"
00011300, per_level_ambient_effect_jt, "100% - W[8] - Relative jump table for dispatch_per_level_ambient_effects; level indexes 0/1 route to no-op $11344"
00011310, round3_delayed_sfx_burst_update, "100% - Level-index-2 ambient update: while $FA55 is nonzero, counts down $FB50/$FB51 and queues sound $C3 for each remaining burst"
0001132E, round5_periodic_sfx_update, "100% - Level-index-4 ambient update: counts down $FB50 and queues sound $CC every $300 frames"
00011342, per_level_ambient_effect_noop_a, "100% - No-op per-level ambient-effect table entry"
00011344, per_level_ambient_effect_noop_b, "100% - No-op per-level ambient-effect table entry used by level indexes 0 and 1"
00011346, update_level_index2_background_effect, "100% - Per-frame conditional background effect updater; when $FA0C is armed by level index 2 and $FA5D is clear, cycles decoded frame data and palettes via $FB1A/$FB1C"
000114DA, vblank_upload_gameplay_vdp_updates, "100% - Gameplay VBlank upload coordinator: processes Mr. X offer dialogue updates, optional tilemap bundle $04, queued VDP copies, and the level-index-2 background frame"
0001152A, vblank_flush_vdp_copy_queue, "100% - Consumes the count and descriptors at $ED80/$ED84; each descriptor supplies source, row length/count and VDP command for strided VDP copies"
000117FC, stage_clear_monitor, "100% - Converts boss/late-phase, Round 7, and final-stage presentation conditions into end_of_level_flag"
00011A36, update_demo_timeout, "100% - During attract/demo gameplay, decrements the $FB52 demo timer and starts a $40-frame fade-out when it expires"
00011A50, level_intro_dispatcher, "100% - Dispatches level_intro_substate ($FB48) through the relative word table at $11A5C"
00011A5C, level_intro_jt, "100% - W[6] - Relative jump table for the six level-intro substates"
00011B04, level_intro_finish, "100% - Final intro substate: resets fade counter and writes game_state=$14 (in-game init)"
00011B4C, mr_x_offer_update, "100% - Per-frame final-stage offer state machine; gates player control/animation and dispatches mr_x_offer_state through $11B94"
00011B94, mr_x_offer_jt, "100% - W[] - Relative jump table for mr_x_offer_state ($FFDE04)"
00011CCA, mr_x_offer_choice_init, "100% - Clears bad_ending_selected, initialises choice UI/text, and selects the 1P or 2P offer path"
00011F74, mr_x_offer_compare_2p_choices, "100% - Compares P1/P2 object+$59 bit 3; equal-clear routes to state $0B, equal-set to $12, and disagreement to the player-duel path"
00012074, mr_x_offer_mark_bad_ending, "100% - Accept-Mr-X outcome: sets bad_ending_selected before advancing the offer dialogue state"
000120AA, mr_x_offer_control_table, "100% - B[] - Per-offer-state control mode table; bit 7 marks states where player choice input is accepted"
000120EC, poll_mr_x_offer_player_choice_input, "100% - Per-player poll called from update_player_object; returns unless object +$59 bit 4 marks the Mr. X offer UI active, then applies held up/down (YES/NO on bit3) and held face-button ($70) confirm"
00012576, vblank_update_mr_x_offer_tilemaps, "100% - Processes Mr. X offer dialogue clears, optional tilemap-bundle update and the two pending player-choice VDP copy slots"
000125E6, vblank_flush_mr_x_dialogue_copy_slot, "100% - If the a1-selected Mr. X dialogue copy slot has a source, performs its strided VDP copy and clears that slot's source field"
000181EA, round_clear_sequence_init, "100% - Builds the round-clear screen, clears offer/transient state, snapshots bonuses, and initialises round_clear_substate"
0001833C, round_clear_sequence_update, "100% - Updates tally effects and dispatches round_clear_substate through round_clear_jt ($18350)"
00018350, round_clear_jt, "100% - W[] - Relative jump table for the score-tally/round-clear state machine"
000183B0, round_clear_advance_campaign, "100% - If level<7, increments level and enters game_state=$28; on level 7 falls through to ending selection"
000183C4, round_clear_select_ending, "100% - Routes final round to good ending ($24) unless bad_ending_selected is nonzero, in which case routes to bad ending ($1C)"
0003F65E, story_scene_select_script, "100% - Selects an 8-byte config entry: last step, next game_state, auxiliary flag, and story_scene_script_ptr"
0003F680, story_scene_config_table, "100% - 8-byte intro/good-ending timeline configs; entry 0 ends at state $00, entry 1 ends at top-10 state $0C"

# Hardware / Utility Routines (addresses derived from call sites in ROM)
00007F50, init_joypad, "100% - Initialises joypad detection; called from Init_RedScreen at game startup"
00011992, initialize_power_on_defaults, "100% - After the cold-boot high-RAM clear, sets lives_setting=1, difficulty=Normal, and both continue counters=3; control_scheme remains zero"
0001199E, restore_player_continues, "100% - Writes continues=3 for both players; boot also calls this after the work-RAM wipe that erases the cold-boot top-10 seed at $FF4A"
00007F6C, init_vdp, "100% - Initialises VDP registers; first call from the hardware-init routine"
00007FA4, runtime_vdp_register_values, "100% - B[19] - Runtime VDP register values R0-R18: planes at $C000/$E000, Window $D000, SAT $F000, h-scroll table $F400, H40 mode"
00007FB8, reset_vdp_and_graphics_state, "100% - Reinitialises VDP registers, DMA-clears VRAM regions, clears the RAM SAT, camera structures, and both palette buffers while arbitrating the Z80 bus"
00008046, clear_ram, "100% - Clears a region of RAM; called by Clear_CAM_Data"
0000804C, clear_camera_structures, "100% - Clears $200 bytes beginning at primary_camera, covering the primary and secondary camera/plane structures"
0000805A, clear_palette_buffers, "100% - Clears the active palette CRAM shadow at $FFF400 and target palette buffer at $FFF480"
00008064, vdp_copy_stride, "100% - Copies data to VDP with row stride ($00800000); d0=initial VDP addr, d1=columns, d2=rows, reads from (a1)+"
0000808C, vdp_fill_stride, "100% - Fills VDP with constant word using row stride ($00800000); d0=VDP addr, d1=columns, d2=rows, d4=fill word"
000080DC, vdp_copy_stride_encoded, "100% - Copies encoded byte data to VDP with stride; reads byte from (a1), zero-extends, adds d3, writes word — used for palette index remapping"
0000810C, sample_all_joypads, "100% - VBlank joypad sampler: requests Z80 bus, samples P1 and P2 through sample_one_joypad, then releases the bus"
0000813C, sample_one_joypad, "100% - Reads one 3-button pad by toggling TH, computes active-high held/pressed-edge bytes and present-negated flag, with demo stream injection"
00010502, wait_vblank_and_upload_graphics, "100% - Writes request 1 to vblank_request, enables IRQs, and waits until vblank_handler completes the mode-specific graphics upload"
00010514, wait_vblank_without_graphics_upload, "100% - Writes request 2 to vblank_request and waits for the VBlank path that samples controllers and advances incremental art without uploading frame graphics"
00010526, clear_player_input, "100% - Clears button-held state for both players ($FF00)"
00010538, load_palette_list_to_target, "100% - Decodes a sparse terminated ROM palette list into target_palette_buffer and sets palette_dirty"
0001053E, load_palette_list_to_active, "100% - Decodes a sparse terminated ROM palette list directly into the active CRAM shadow at palette and sets palette_dirty"
00010576, palette_fade_out_step, "100% - Darkens one RGB component across all 64 active palette entries according to palette_fade_counter and marks CRAM dirty"
000105CC, palette_fade_in_step, "100% - Raises one RGB component across the active palette toward target_palette_buffer and marks CRAM dirty"
00008192, nemesisdec_vram, "100% - Nemesis decompressor targeting the VDP data port; a0=stream, VDP command preselected; header bit15 enables XOR-row reconstruction"
000081A4, nemesisdec_ram, "100% - Nemesis decompressor targeting (a4)+ RAM; a0=stream; header bit15 enables XOR-row reconstruction; builds lookup table at $FFF600"
000085A2, kosinskidec, "100% - Kosinski byte decompressor; little-endian LSB-first descriptor words, literal/short/long backrefs, extended long token 0=end and 1=no-op"
00000D70, write_art, "100% - Queues art for DMA upload; sets/clears bits in status_bitfield_1"

# Graphics engine: object rendering, palettes, camera streaming, and VBlank upload
0000A5F4, load_vdp_tilemap_bundle, "100% - Processes four packed layout IDs through the pointer table at $A612 and writes rectangular word maps with vdp_copy_stride"
0000A612, vdp_tilemap_bundle_table, "100% - L[] - Pointer table for headered rectangular VDP word maps consumed by load_vdp_tilemap_bundle"
0000A662, nemesis_art_bundle_table, "100% - Eight-byte records containing a VDP destination command and Nemesis source pointer"
0000A85A, enigma_map_bundle_table, "100% - Ten-byte records containing RAM destination, Enigma source, and base tile word"
0000A8B8, load_encoded_vdp_tilemap_bundle, "100% - Processes four packed encoded-layout IDs and writes byte-coded rectangular maps after adding a base tile word"
0000AE4C, enqueue_object_render_bucket, "100% - Inserts an active world object pointer into one of the $20-byte depth buckets at $FFE200-$FFE9FF using object lane Y"
0000AE96, build_sprite_attribute_table, "100% - Resets the SAT budget, traverses depth buckets from foreground to background, emits at most 79 visible records at $FFDA00, and preserves the 80th as a zero-link terminator"
0000AEEE, sort_render_bucket_by_depth, "100% - Sorts object pointers in one render bucket by descending lane Y with object flag bit 7 as the equal-depth tie-break"
0000AF46, emit_object_sprite_mapping, "100% - Resolves an object's animation frame mapping, converts world to biased screen coordinates, culls pieces, and emits linked eight-byte SAT records"
0000B0E8, cull_sprite_piece_y, "100% - Accepts a mapped sprite piece only within biased hardware Y $60-$17F; otherwise skips its remaining four mapping bytes"
0000B0FE, cull_sprite_piece_x, "100% - Accepts a mapped sprite piece only within biased hardware X $60-$1DF; otherwise rolls back the just-reserved SAT record and link index"
0000B118, update_object_dynamic_art_cues, "100% - For player/type-$07 mappings, copies two per-frame art IDs to object+$52/+$53 for the next VBlank DMA"
0000B132, ensure_object_ground_shadow, "100% - After an eligible gameplay object update, allocates a linked type-$4A ground-shadow object in the $C900 auxiliary slots and records the source pointer at object+$3E"
0000B186, dispatch_object_primary_state_table, "100% - Dispatches object+$30 through the caller-provided absolute word table in a1"
0000B196, init_object_animation_state_and_advance, "100% - Advances object+$30, installs animation pointer/tile base, and falls through to initialize the selected animation frame"
0000B1A2, init_object_animation_frame, "100% - Initializes object animation frame/timer/hitbox bytes from animation index d0 and table a1"
0000B236, object_type_update_jt, "100% - W[] - Object type update table used by update_objects_and_build_sprites; entries below type $90 are read near $B236 and high entries through the extended table window"
0001119E, init_animated_palette_sequences, "100% - Builds per-level animated-palette descriptors and decoded colour frames in work RAM from the table rooted at $1C400"
00011210, update_animated_palettes, "100% - Advances per-level palette animation descriptors, patches selected active-palette words, and sets palette_dirty"
00018AF8, update_cameras_and_queue_tilemaps, "100% - Updates both camera state machines, detects crossed metatile boundaries, queues row/column refreshes, and clears per-frame camera velocities"
00018B3C, queue_camera_tilemap_updates, "100% - Compares current/previous parallax strip coordinates and builds dirty column and row commands for one plane"
00018C22, dispatch_primary_camera, "100% - Dispatches primary_camera state through the relative table at $18C34"
000190E0, build_hscroll_strip_buffer, "100% - Converts camera X through each parallax strip ratio and fills the plane's horizontal-scroll strip buffer; also tracks vertical positions"
0001919E, expand_hscroll_strips_to_lines, "100% - Expands 32 strip scroll values to 256 per-line values in the primary/secondary line-scroll buffers"
000191E0, update_round3_line_scroll_effect, "100% - Builds Round 3's animated line-scroll distortion buffers from camera X and the rotating $FF5100 workspace"
00019332, dispatch_secondary_camera, "100% - Dispatches secondary_camera through its state table at $1933A"
0001951A, build_tilemap_row_update, "100% - Expands 32 block IDs through the plane's eight-byte metatile table into the split two-row update queue"
0001953A, build_tilemap_column_update, "100% - Expands one block-map column through the metatile table into sequential two-word VDP writes"
00019656, resolve_blockmap_and_vdp_address, "100% - Converts world/map coordinates to a block-map pointer and wrapped Plane A/B VDP name-table command"
000196A4, dispatch_background_vblank_upload, "100% - Dispatches the background VBlank upload path from primary_camera state via table $196B2"
000196B2, background_vblank_upload_table, "100% - W[] - Alternating relative targets for normal strip DMA, queued tilemaps only, or per-line scroll DMA"
000196CA, dma_hscroll_strips_and_flush_tilemaps, "100% - DMAs primary/secondary strip scroll values into VRAM $F400/$F402 with $20-byte spacing, then flushes tilemap queues"
00019758, dma_hscroll_lines_and_flush_tilemaps, "100% - DMAs 256 primary/secondary per-line scroll values into interleaved VRAM $F400/$F402 entries, then flushes tilemap queues"
000197D8, flush_tilemap_update_queues, "100% - Flushes primary and secondary row/column name-table update queues to the VDP data port"
00019800, flush_one_tilemap_update_queue, "100% - Consumes one plane's terminated column and row update queues and writes their expanded metatile words to VRAM"
000199AA, level_graphics_buffer_destinations, "100% - L[3] - Decode destinations: primary metatiles $FF4000, secondary metatiles $FF4800, packed collision map $FFA000"
000199B6, level_hscroll_mode_table, "100% - W[8] - VDP R11 commands by level: full/full/line/line/cell/cell/full/cell horizontal scrolling"
000199C6, build_camera_plane_buffers, "100% - Decompresses block definitions, populates a plane block map, and builds its parallax-strip descriptors"
00019AD6, initialize_visible_tilemaps, "100% - Expands and uploads all initially visible metatile rows for both camera planes"
00019CC6, initialize_parallax_strip_state, "100% - Seeds each strip's current/previous parallax X and Y coordinates from the camera"
00019D92, vblank_mode_dispatch_table, "100% - Five BRA.w entries selecting gameplay, character/menu, story, bad-ending, or round-clear VBlank work from vblank_mode"
00019DA6, vblank_write_scroll_and_backgrounds, "100% - Writes the two base horizontal-scroll words at VRAM $F400 and dispatches queued background uploads"
00019E1E, vblank_upload_title_screen_dma, "100% - One-shot title-screen VBlank DMA: uploads $0B00 words from $FF1600 with VDP command $73400081, then joins the common presentation VBlank DMA tail"
0001A0B4, upload_dirty_player_art_dma, "100% - For P1 and P2 dirty frame-art IDs, programs ROM-to-VRAM DMA into the four reserved player-art regions"
0001A160, player_art_dma_upper_table, "100% - Six-byte VDP DMA parameter records selected by object+$52 for the upper player sprite-art region"
0001A53E, player_art_dma_lower_table, "100% - Six-byte VDP DMA parameter records selected by object+$53 for the lower player sprite-art region"

# Sound / Music (68000 sequencer + Z80 DAC)
0001061C, load_z80_dac_driver, "100% - BUSREQ Z80, Kosinski-decompress ROM $795A2 to $FF7000, copy ~$1EC7 bytes into Z80 RAM, seed $1FF8–$1FFB sample bank ptr, pulse RESET and release bus"
0001069E, queue_sound_id, "100% - Enqueues sound ID in d7 into the 3-slot play_se queue ($FFF00A–$C); skips if already present, else writes first free slot"
00011B12, play_level_music, "100% - Posts level BGM to play_se from table $11B44 (or alternate IDs $87/$90 under special flags)"
00072914, sound_engine, "100% - Per-VBlank sound engine: drains play_se queue, fades stop_music, ticks music FM/DAC/PSG and SFX FM/PSG channel blocks"
00072A4E, sound_update_dac_channel, "100% - Advances the music DAC channel ($FFF130); posts sample/command bytes to Z80 $1FFF under BUSREQ"
00072B08, sound_update_fm_channel, "100% - Advances one FM channel block ($30 bytes): sequence duration, $F0+ cmds, pitch via $732D2, YM2612 key-on/freq writes"
00072C1A, sound_advance_channel_vibrato, "100% - Advances the channel vibrato timer, direction and accumulated pitch offset at +$1C..+$22 when flag bit 3 is enabled"
00072D08, sound_process_queue, "100% - Drains play_se queue with priority table $72824; dispatches music $81–$9F, SFX $A0–$CF, PCM $D0–$DF, special $E0–$E3"
00072F82, sound_resolve_table_pointer, "100% - Multiplies d0 by four and resolves the longword pointer in the a0-based sound table into a0"
00072F8A, sound_reset_all, "100% - Full audio reset: DAC/YM cleanup, zero $FFF000 workspace, silence PSG"
0007302E, sound_start_music_fade, "100% - Starts BGM fade from command $E0: sets stop_music=$10 and fade timer $FFF003=4"
00073066, sound_fade_music, "100% - Per-frame BGM fade: every 4 frames raise FM attenuation then call sound_reset_all when stop_music hits 0"
000731DE, sound_ym2612_key_off_channel, "100% - Unless channel flags suppress it, writes YM2612 register $28 with the channel index to key that FM channel off"
000731A2, sound_psg_silence, "100% - Writes $9F/$BF/$DF/$FF to SN76489 to silence all PSG channels"
000731FA, sound_ym2612_write_channel, "100% - YM2612 write with channel index from channel block; part 0 or part 1 selected by channel flags"
00073206, sound_ym2612_write, "100% - Wait YM busy, write reg to $A04000 and data to $A04001 (part 0)"
0007323E, sound_ym2612_write_part1, "100% - Wait YM busy, write reg to $A04002 and data to $A04003 (part 1)"
00073286, sound_ym2612_write_bus, "100% - BUSREQ + sound_ym2612_write + release bus"
00073298, sound_ym2612_acquire, "100% - BUSREQ Z80, wait ACK, spin while Z80 $1FFD bit7 (DAC busy), wait YM2612 ready"
000732EA, sound_seq_command, "100% - Sequence command dispatcher for bytes >= $F0 (separate FM vs PSG jump tables)"
0007388C, sound_update_psg_channel, "100% - Advances one PSG channel block: sequence, pitch via $73A64, volume envelopes, SN76489 writes"
000739AC, sound_update_psg_volume_envelope, "100% - Steps PSG envelope bytes through table $728D0, updates channel attenuation, and writes the SN76489 volume command"

# Memory Utility Routines
; Unrolled fall-through entry points: each label enters a chain of move.l instructions
; that runs until the shared rts. NO loop counter — straight-line code.
000103D0, memfill_long_128, "100% - Cascade entry: 32 longs (128 bytes) to (a1)+ with d1; falls through to memfill_long_64"
000103F0, memfill_long_64,  "100% - Cascade entry: 16 longs (64 bytes) to (a1)+ with d1; falls through to memfill_long_36"
000103FE, memfill_long_36,  "100% - Cascade entry: 9 longs (36 bytes) to (a1)+ with d1; falls through to memfill_long_16"
00010408, memfill_long_16,  "100% - Cascade entry: 4 longs (16 bytes) to (a1)+ with d1; falls through to memfill_long_12"
0001040A, memfill_long_12,  "100% - Cascade entry: 3 longs (12 bytes) to (a1)+ with d1; ends with rts"
00010412, vdp_fill_long_49, "100% - Writes d1 to (a1) 49 times with no auto-increment (196 bytes to VDP data port); entry point at $10432 jumps to the last 17 longs"
00010432, vdp_fill_long_49_end, "100% - Internal: second half of vdp_fill_long_49 — 17 longs; jumped to directly by reset_vdp_and_graphics_state"
00010454, memcopy_128, "100% - Cascade entry: copies 32 longs (128 bytes) (a1)+ → (a2)+; falls through to memcopy_112"
0001045C, memcopy_112, "100% - Cascade entry: copies 28 longs (112 bytes) (a1)+ → (a2)+; falls through to memcopy_80"
0001046C, memcopy_80,  "100% - Cascade entry: copies 20 longs (80 bytes) (a1)+ → (a2)+; falls through to memcopy_32"
00010484, memcopy_32,  "100% - Cascade entry: copies 8 longs (32 bytes) (a1)+ → (a2)+; falls through to memcopy_16"
0001048C, memcopy_16,  "100% - Cascade entry: copies 4 longs (16 bytes) (a1)+ → (a2)+; ends with rts"
00010496, vdp_copy_long_38, "100% - Cascade entry: copies 38 longs (152 bytes) from (a1)+ to the fixed VDP data port through fall-through entries"
000104B2, vdp_copy_long_24, "100% - Cascade entry: 2 longs (a1)+ → (a2) no dest inc; falls through to vdp_copy_long_22"
000104B6, vdp_copy_long_22, "100% - Cascade entry: 14 longs (a1)+ → (a2) no dest inc; falls through to vdp_copy_long_8"
000104C6, vdp_copy_long_8,  "100% - Cascade entry: 8 longs (a1)+ → (a2) no dest inc; ends with rts"

# Select-screen / OPTIONS / character-select ROM data
00001060, select_menu_strings, "100% - Mode-select tile strings: 1 PLAYER / 2 PLAYERS / OPTIONS (VDP cmds + font bytes)"
0000108A, select_menu_tile_bases, "100% - Base tile words for the three select_menu_strings rows"
000010C4, select_screen_jt, "100% - Relative jump table for select_screen_substate ($FB0E)"
0000117A, select_menu_player_mode_tbl, "100% - Cursor→player_mode bytes: $01 (1P), $03 (2P)"
0000128A, options_sound_id_table, "100% - Sound IDs played for sound_test_index 0..$48 (OPTIONS face-button test)"
000012FE, options_difficulty_strings, "100% - Difficulty name tiles: 7 bytes × 4 (EASY/NORMAL/HARD/…)"
00001630, select_menu_skip_2p_remap, "100% - Remap table when select_menu_option_count==1 (skip 2 PLAYERS slot)"
0000171A, char_select_jt, "100% - Relative jump table for char_select_substate ($F904)"
000019E4, char_select_nav_right, "100% - Word table: char slot after pressing Right (0→1→2→0)"
000019EA, char_select_nav_left, "100% - Word table: char slot after pressing Left (0→2→1→0)"
000019FC, char_select_cursor_x, "100% - Cursor X for L→R character previews Adam/Axel/Blaze: $20 / $80 / $E0"
00001A02, char_preview_object_ptrs, "100% - Animated character-preview objects L→R Adam/Axel/Blaze: $B900 / $B980 / $BA00"
00001A0E, char_id_from_slot, "100% - Screen L→R Adam/Axel/Blaze: slot0→ID1 Adam, slot1→ID0 Axel, slot2→ID2 Blaze"
0001C684, options_sound_name_table, "100% - 12-byte name rows for OPTIONS sound browser (ROUND/BOSS/…/SE)"
0001C9FC, options_control_strings, "100% - $50-byte blocks describing control_scheme 0..2 (A/B/C roles)"
0001290A, vdp_write_menu_string, "100% - Write d6+1 tile bytes from (a6)+ to VDP data; d7=VDP cmd, d5=tile base"

# Gameplay
00002550, player_reaction_type8_damage, "100% - Player collision-reaction $08 handler: applies pending damage, enters the fatal/KO path at zero health, otherwise plays sound $A2 and starts animation $8A"
0000544A, clear_inactive_player_hud, "100% - player_mode=0 branch of the type-$0F continue/out dispatcher; clears the owning P1/P2 HUD tile regions to $06D7"

# Compression / decompression and asset loading
00008280, nemesis_build_decode_table, "100% - Expands the Nemesis stream prefix-code header into the 256-entry direct lookup table at $FFF600"
000082D2, enigmadec_with_plane_header, "100% - Copies an 8-byte plane header from (a0)+ to (a1)+, then falls through to the Enigma tilemap decoder"
000082D6, enigmadec, "100% - Enigma tilemap decompressor; a0=stream, a1=word destination, d0=base tile; returns source even-aligned"
00008454, queue_nemesis_art_cues, "100% - Resolves an art-set index through the table at $8672 and appends 6-byte Nemesis source/VRAM-destination records at $FFDCD0"
000084BA, begin_incremental_nemesis_decode, "100% - Initializes the queued Nemesis stream, lookup table, XOR writer and resumable state for VBlank art upload"
00008510, continue_incremental_nemesis_decode, "100% - Resumes queued Nemesis-to-VRAM decoding for at most five tiles (160 bytes) per VBlank and advances/completes the queue"
0000A63A, load_nemesis_art_bundle, "100% - Processes four packed art IDs; selects VDP command/source records from $A662 and Nemesis-decompresses each directly to VRAM"
0000A82A, load_enigma_map_bundle, "100% - Processes four packed map IDs; selects destination/source/base records at $A85A and decodes headered Enigma maps"
0000B748, load_kosinski_story_asset, "100% - Selects a Kosinski source and RAM destination from the 8-byte record table at $B768 and decompresses it"
00019848, load_level_graphics_maps_and_camera, "100% - Loads the per-level mixed-codec graphics/maps package, builds plane data, and initializes both camera structures"

# Level engine, spawn pipeline, and camera progression
0000044C, level_pipeline_jt, "100% - W[12] - Relative targets for level_pipeline_state ($FFFB15)"
00000810, prepare_next_spawn_section, "100% - Filters and compacts the next length-prefixed ELC section by difficulty and player count"
00000936, select_deferred_spawn, "100% - Scans filtered ELC records and selects an entity whose palette and art can be made resident"
00000B76, load_deferred_spawn_art_and_spawn, "100% - Loads required art, materializes the deferred entity, and compacts the ELC section"
00018F32, advance_round7_vertical_wave, "100% - Consumes a wave-advance request in Round 7 and begins the vertical-camera phase"
00019570, advance_wave_camera_boundary, "100% - Increments wave and opens the next X corridor; Round 8 updates the minimum X bound in reverse"
000195D8, wave_camera_boundary_table, "100% - W[] - Forward boundaries $4C0..$13C0 and Round-8 reverse boundaries $1100..$80, each terminated by $FFFF"
000195F6, reset_wave_timer, "100% - Resets the game timer and frame divider according to level and wave"
00019646, spawn_wave_go_prompt, "100% - Allocates a type-$48 flashing wave-advance prompt object after advance_wave_camera_boundary opens the next camera corridor"
00019922, init_camera_plane, "100% - Initializes one $E000/$E100 camera-plane structure from round data"
0001B036, level_elc_offset_table, "100% - W[8] - Relative offsets to per-round Nemesis-compressed enemy-load-cue streams"
0001C1BC, spawn_geometry_table, "100% - Four-word geometry records supplying initial spawn-column stride and base"
0001C1C4, level_wave_resource_table, "100% - W[8] roots plus per-round descriptor-offset arrays and six-byte wave resource descriptors"
0001C378, level_resource_table, "100% - Eight six-byte records: resource-list pointer plus two parameters, indexed by level"

# Player health, lives, combat, and police specials
00001E0E, player_spawn_or_respawn, "100% - Reinitializes an active player with placement, animation, full $50 health, normally one police special, and zero specials in Round 8"
00002B48, resolve_player_death, "100% - After death animation and life deduction, respawns if lives remain or converts the player to the continue/game-over object"
00003028, player_normal_attack_input, "100% - Handles logical attack-button input, close interaction acquisition, and attack/combo state transition"
00003084, player_held_object_attack_input, "100% - Handles logical attack-button input while carrying a weapon or held target; supports close-interaction acquisition before held-object attacks"
00003136, find_close_interaction_target, "100% - Scans the player's close interaction box for free weapon types $08-$0C or six consumable pickup types and links/reserves the match"
0000322A, player_attack_jump_chord, "100% - Detects attack+jump in either press order and selects rear/escape attack or the held-target variant"
0000333E, resolve_player_hit_or_ko, "100% - Converts recorded collision reaction into hurt/knockdown state and enters fatal state when health is zero"
0000351E, apply_player_damage, "100% - Reads attacker +$34 or deferred +$56 damage, subtracts it through adjust_player_health, and reports zero health"
00003FCC, try_activate_police_special, "100% - Per-player-frame activation gate: returns immediately unless the special button and all resource/round/global conditions pass; then consumes one special and starts the police event"
000041EA, compute_player_attack_descriptor, "100% - Derives active per-frame attack damage low nibble and hit-property high nibble from action, character and animation frame"
000043AA, clamp_players_to_gameplay_bounds, "100% - Gameplay object-pass helper that clamps active player X to the camera window and lane Y to the level-specific playable range"
00004478, resolve_player_vs_player_collision, "100% - Per-gameplay-frame gate that returns immediately unless player_mode=3 and both players are eligible; in 2P, intersects body/attack boxes and records friendly-fire or push/grab reactions"
00004620, spawn_player_attack_contact_effect, "100% - Late player-frame helper that emits a type-$49 contact effect from selected attack/contact animation frames when the frame timing byte matches"
00004650, spawn_player_vs_player_contact_effect, "100% - Player-versus-player collision helper that emits the shared type-$49 contact effect when player +$7C marks damaging contact"
00004D60, update_score_hud_and_check_extra_life, "100% - Checks the player's BCD score against the next $4DEC threshold, conditionally awards a life, advances the threshold index, and redraws all six score digits"
00004E14, draw_player_lives_and_specials, "100% - Writes the selected player's lives and special counters to HUD tiles"
00004E6C, adjust_player_health, "100% - Adds signed d7 to player +$32, clamps to 0..$50, and redraws the health bar"
000051CC, nudge_players_to_walkable_floor, "100% - Object-pass helper for active players: probes collision below/nearby and nudges X until a walkable floor-height sample is found"
00005334, confirm_player_continue, "100% - Applies Yes/No continue choice for the owning player; consumes a continue and rebuilds the active player on Yes"
0000565C, reset_player_after_continue, "100% - Clears the selected player's score; normally restores configured lives, but a nonzero $FFFF35 selects the alternate threshold-index path at $5952"
0000568A, remap_player_gameplay_input, "100% - Copies the owning joypad into object +$54 and permutes face-button bits according to control_scheme"
000056E6, high_score_name_entry_dispatcher, "100% - Type-$0F path when object+$4B bit7 is set after resolve_player_death: dispatches object+$30 through the absolute word table at $56EE (name-entry UI). Completing name entry clears bit7 and state so the normal continue table at $5236 can run"
00005952, apply_continue_override_threshold, "100% - Writes continue_override_threshold_table[$FFFF35] to the selected player's bonus-life threshold index and returns without resetting lives"
0000597C, police_vehicle_dispatcher, "100% - Type-$05 police vehicle/launcher state dispatcher used by the shared camera excursion"
0000599E, police_vehicle_initialize, "100% - Initializes type-$05 police art/animation; queues common cue 0 plus caller-specific cue $09/$0A"
000063F6, p2_police_bombardment_dispatcher, "100% - Type-$0D P2-caller bombardment dispatcher: emitter, falling shells, impact, and completion"
00006416, p2_police_bombardment_initialize, "100% - Initializes the P2 type-$0D controller or one of its falling shell children"
00006448, p2_police_shell_emitter, "100% - Emits 48 type-$0D falling shells at two-frame intervals, cycling the 16-entry position table three times"
000064F2, p2_police_shell_impact, "100% - Integrates a falling shell until collision; first impact starts screen shake and enables the enemy sweep"
0000653E, p2_police_special_finish, "100% - Clears police_special_active after the P2 bombardment controller's final $38-frame delay"
0000654E, p1_police_blast_dispatcher, "100% - Type-$0E P1-caller blast dispatcher: launch, symmetric propagation, animation, and completion"
0000656E, p1_police_blast_initialize, "100% - Initializes the P1 type-$0E blast root or a directional propagation child"
00006618, p1_police_blast_propagate, "100% - Propagates type-$0E blast children in both directions through indices 1-$0F"
000066C4, p1_police_blast_wave_update, "100% - Advances blast animation; index $0B publishes the lane front and enables the enemy sweep"
0000672C, p1_police_special_finish, "100% - Clears police_special_active after the terminal P1 blast object's $18-frame delay"
00006894, object_ground_shadow_dispatcher, "100% - Type-$4A linked ground-shadow object: follows its source object's X/Y, snaps to collision-floor height, and deletes itself when the source shadow flag clears"
00009566, prepare_ordinary_enemies_for_police_special, "100% - Marks active ordinary enemies with health $FFFF/state $0400, saves camera X, and guarantees a type-$29 sweep controller"
000100B6, police_special_enemy_sweep_update, "100% - Type-$29 controller that credits P1/P2 and forces eligible ordinary enemies into lethal state $0300 using caller-specific sweep timing"
000107F2, spawn_round_players, "100% - Creates active P1/P2 objects and seeds their special bytes with 2 before the same-frame player initializer replaces the playable value"
00010C88, update_game_clock, "100% - Decrements the round timer when allowed and starts the time-over sequence at zero"
00010CF4, check_required_players_for_clock_tick, "100% - Dispatches by player_mode and returns zero only when the required active player object slots contain type $01"
00010D08, clock_active_player_check_jt, "100% - W[4] - Relative jump table for check_required_players_for_clock_tick keyed by player_mode"
00010D10, check_both_players_for_clock_tick, "100% - Two-player clock gate: requires both P2 and P1 object slots to contain active player type $01"
00010D14, check_p1_for_clock_tick, "100% - One-player clock gate: returns zero only when the P1 object slot contains active player type $01"
00010D1A, check_p2_for_clock_tick, "100% - P2-only clock gate: returns zero only when the P2 object slot contains active player type $01"
00010D2A, reject_clock_tick_no_active_player, "100% - Clock gate failure entry; returns nonzero so update_game_clock skips the BCD timer decrement"
00010D2E, handle_pause_start_input, "100% - Buffers Start presses for active players, toggles pause or aborts demo playback, and returns pause state through condition codes"
00010DCA, add_bcd_resource_value, "100% - Adds one packed-BCD table byte through predecrement; used for life/special increments and life decrement"
000115CC, update_join_and_continue_hud, "100% - Handles inactive-P2 Start join plus per-player out/continue display state"
00016A60, later_boss_police_special_reaction, "100% - Shared type-$55-$58 state $0A: runs caller-specific delay/animation, subtracts 10 health, and enters normal knockdown/death"
00016AEC, later_boss_enter_police_special_reaction, "100% - Once per special, forces a living type-$55-$58 boss into state $0A and records the calling player"
00017FC2, prepare_special_player_art_dma_step, "100% - If the special player-art DMA flag $FA5A is active, advances $FB54 and stages the next VDP/DMA command block in $FB64..$FB6E for VBlank"
000181BC, upload_special_player_art_dma_step, "100% - VBlank-side consumer for $FA5A special player-art DMA staging; writes the prepared $FB64..$FB6E command block to the VDP control port"
00018E3C, restore_police_special_palette_and_art, "100% - After the return camera and drained art queue, restores the saved palette and requeues resident enemy art"
000192A4, begin_police_special_camera_excursion, "100% - On the one-frame special start pulse, snapshots camera state and selects the normal or Round-7 excursion path"
0000B3C0, police_special_enemy_sweep_trampoline, "100% - Object table trampoline for type $29; jumps to police_special_enemy_sweep_update"

# Items, weapons, and breakable props
000021E6, player_release_thrown_weapon, "100% - On the attack-animation release frame, commands carried knife type $08 or pepper spray type $0C to detach and launch"
00005C1E, knife_weapon_dispatcher, "100% - Type-$08 knife state dispatcher; straight-line attack-button throw, damage 5, ground-impact wear, and three-use counter"
00005D84, launch_released_weapon, "100% - Detaches a command-3 weapon from player/enemy holder and assigns facing-dependent throw position, velocity, and animation"
00005E2E, update_held_weapon, "100% - Shared weapon ownership state: attach to player/enemy animation, detach on knockdown/drop, or begin throw behavior from +$51/+$52 links"
00006114, bottle_weapon_dispatcher, "100% - Type-$09 bottle weapon dispatcher"
0000614E, break_bottle_into_shards, "100% - On first bottle impact, switches broken art, plays break sound, and spawns three type-$1E shards"
000061BE, bottle_shard_dispatcher, "100% - Type-$1E shard/debris physics; falls under gravity and deletes on landing"
000061F6, baseball_bat_weapon_dispatcher, "100% - Type-$0A baseball-bat dispatcher; damage 4, shared carry/drop/landing wear mechanics (type mapping confirmed from gameplay after identifying type $0B as the steel pipe)"
00006226, steel_pipe_weapon_dispatcher, "100% - Type-$0B steel-pipe dispatcher; damage 4, shared carry/drop/landing wear mechanics (visual type mapping confirmed from gameplay)"
00006256, pepper_spray_weapon_dispatcher, "100% - Type-$0C thrown pepper-spray dispatcher; damage 2, smoke/effect emitters, and temporary enemy immobilization"
000062DA, throw_pepper_spray, "100% - Detaches command-3 pepper spray from its holder and gives it facing-dependent X/Z throw velocity"
00006328, begin_pepper_smoke_emission, "100% - Converts impacted pepper spray into a timed state and spawns the first type-$0C smoke/effect object"
00006372, emit_pepper_smoke_sequence, "100% - Emits successive type-$0C smoke/effect objects from the $63C4 position table until the source retires"
000067A4, wave_go_prompt_dispatcher, "100% - Type-$48 wave-advance prompt dispatcher: flashes a screen-space cue after the camera boundary opens and deletes it once the camera moves"
00006862, player_contact_effect_dispatcher, "100% - Type-$49 short-lived player/contact visual effect dispatcher; initializes art from $6F0A2, selects an animation variant from +$50, and deletes on timer expiry"
000069CC, consume_collected_pickup, "100% - Applies pickup +$50 effect to collector pointer +$52, then deletes the pickup object"
000069E6, dispatch_pickup_effect, "100% - Dispatches pickup effect indices 0..5 through the table at $69F8"
00006A04, apply_health_pickup, "100% - Adds $50 or $14 health through the clamped player-health routine and plays the pickup sound"
00006A14, apply_extra_life_pickup, "100% - Selects the player's special address so the predecrementing BCD helper increments the preceding lives byte"
00006A2A, apply_extra_special_pickup, "100% - Selects a one-past-special address so the predecrementing BCD helper increments the police-special byte"
00006A46, apply_score_pickup, "100% - Adds packed-BCD 3000 or 10000 points to the collecting player's score"
00006A70, delete_pickup_behind_camera, "100% - Camera-relative cleanup for pickups and related objects, with the reversed Round-8 boundary"
00006926, small_health_pickup_dispatcher, "100% - Type-$4B small-health food pickup dispatcher; initializes the +$14 health effect, shared pickup animation, and collection cleanup"
00006988, full_health_pickup_dispatcher, "100% - Type-$47 full-health food pickup dispatcher; initializes the +$50 health effect, shared pickup animation, and collection cleanup"
00006AF4, phone_booth_dispatcher, "100% - Type-$11 telephone-booth and booth-fragment dispatcher; the intact booth can coordinate with separately scripted contained rewards"
00006B34, shatter_phone_booth, "100% - Handles a valid impact on a type-$11 telephone booth and spawns up to ten velocity/subtype glass/booth fragments"
00006C84, breakable_type19_dispatcher, "100% - Type-$19 breakable prop dispatcher; impact launches it into bounce/despawn physics while any revealed reward is coordinated externally"
0000B3BA, object_type54_dispatcher, "100% - Object type $54 primary-state dispatcher; initializes and coordinates a multi-slot linked segmented effect object"

# Ordinary enemy AI (object types $20-$2A)
00009350, is_nonordinary_enemy_type, "100% - Returns zero only for ordinary enemy object types $20-$2A accepted by the common enemy subsystem"
0000937A, ordinary_enemy_activate, "100% - Activates an on-screen ordinary enemy and initializes type/variant data, animation resources, and common AI state"
0000938C, ordinary_enemy_init_type_data, "100% - Initializes type-$20..$2A offsets, health/damage, palette/tile base, and animation-set pointer from ROM tables"
000093CE, ordinary_enemy_init_combat_values, "100% - Loads type/variant initial health into object +$33/$38 and attack damage into +$34; highest difficulty adds four"
00009604, ordinary_enemy_approach_point, "100% - Moves toward desired X/lane words at object +$60/+$62 using type speed and vector conversion"
000096EC, ordinary_enemy_select_target, "100% - Selects the nearest active player by X in 2P and stores target object pointer at +$42; handles no-player state"
0000982C, ordinary_enemy_vector_to_velocity, "100% - Converts target vector and speed d6 into fixed-point X/lane velocity using direction table $2705E; Easy reduces high speed"
000098E8, ordinary_enemy_distance_metric, "100% - Computes approximate target distance as 3/8 of the major axis plus the minor axis"
0000991A, ordinary_enemy_begin_knockdown, "100% - Starts the knockdown/airborne fall after sufficient damage, clears attack damage, and dispatches the fall subtype"
000099A2, ordinary_enemy_update_airborne_reaction, "100% - Updates knockback/airborne physics, landing, obstacle response, and death transition"
00009B88, ordinary_enemy_apply_contact_damage, "100% - Applies attacker damage to ordinary-enemy health and selects stun, grab, lethal, or scripted state"
00009DC0, ordinary_enemy_release_accounting, "100% - Releases active-enemy palette/variant counters when an ordinary enemy is removed"
00009E26, ordinary_enemy_award_score, "100% - Awards defeated-enemy score using object +$39 to the player indicated by bit 7"
00009E3E, clear_object_128, "100% - Clears all 128 bytes of the current object"
00009E68, ordinary_enemy_move_with_collision, "100% - Integrates ordinary-enemy movement with ground/obstacle probes and blocked-state transition"
00009F96, ordinary_enemy_advance_x_bounded, "100% - Advances X velocity subject to level-specific horizontal bounds and reports blockage in d5 bit 0"
0000A00E, ordinary_enemy_advance_lane_bounded, "100% - Advances lane velocity subject to normal or Round-7 lane bounds and reports blockage in d5 bit 1"
0000D606, garcia_type20_dispatcher, "100% - Object type $20 Garcia-family ordinary-enemy primary-state dispatcher using the shared common-enemy state helpers"
0000D99A, garcia_type21_dispatcher, "100% - Object type $21 Garcia-family ordinary-enemy primary-state dispatcher using the shared common-enemy state helpers"
0000DD78, garcia_type22_32_dispatcher, "100% - Object types $22 and $32 Garcia-family ordinary/auxiliary enemy primary-state dispatcher using the shared common-enemy state helpers"
0000E326, garcia_type23_dispatcher, "100% - Object type $23 Garcia-family ordinary-enemy primary-state dispatcher using the shared common-enemy state helpers"
0000E4D2, signal_type24_dispatcher, "100% - Object type $24 Signal ordinary-enemy primary-state dispatcher using the shared common-enemy state helpers"
0000E8F0, haku_ro_type25_dispatcher, "100% - Object type $25 Haku-Ro ordinary-enemy primary-state dispatcher using the shared common-enemy state helpers"
0000F038, nora_type26_dispatcher, "100% - Object type $26 Nora ordinary-enemy primary-state dispatcher using the shared common-enemy state helpers"
0000F27E, jack_type27_dispatcher, "100% - Object type $27 Jack ordinary-enemy primary-state dispatcher; coordinates Jack-specific stop/throw behavior on top of the shared common-enemy state helpers"
0000F7D0, haku_ro_type2a_dispatcher, "100% - Object type $2A Haku-Ro linked ordinary-enemy dispatcher; spawns/coordinates the paired Haku-Ro objects and uses the shared common-enemy state helpers"
0000FC14, jack_projectile_type28_dispatcher, "100% - Object type $28 Jack axe/torch projectile helper dispatcher; shares Jack art, copies Jack target/damage, and launches/returns/removes the projectile"
00000A4E, ordinary_enemy_art_family_table, "100% - B[11] - Maps ordinary types $20-$2A to five enemy-art families; bit 7 selects the fixed residency path"
00000A5A, ordinary_enemy_art_variant_table, "100% - B[11] - Supplies each ordinary type's base art-residency selector before adding object variant byte +$49"
00008672, nemesis_art_cue_offset_table, "100% - W[] - Relative offsets to counted lists of Nemesis source-long/VRAM-destination-word records"
00020172, garcia_nemesis_art, "95% - Nemesis sprite stream used by Garcia ordinary types $20-$23; visual identity confirmed from decoded tiles"
00021708, signal_nemesis_art, "95% - Nemesis sprite stream used by Signal ordinary type $24; visual identity confirmed from decoded tiles"
00022BFE, haku_ro_nemesis_art, "95% - Nemesis sprite stream shared by Haku-Ro ordinary types $25 and $2A; visual identity confirmed from decoded tiles"
000245E0, nora_nemesis_art, "95% - Nemesis sprite stream used by Nora ordinary type $26; visual identity confirmed from decoded tiles"
000258F8, jack_nemesis_art, "95% - Nemesis sprite stream shared by Jack type $27 and its type-$28 axe/torch projectile helper; visual identity confirmed from decoded tiles"
0001FC70, garcia_animation_set, "95% - Shared animation resource selected by Garcia-family ordinary types $20-$23; visual family confirmed from decoded art"
00022948, signal_animation_set, "95% - Animation resource selected by Signal ordinary type $24; visual family confirmed from decoded art"
0002402C, haku_ro_animation_set, "95% - Shared animation resource selected by Haku-Ro ordinary types $25 and $2A; visual family confirmed from decoded art"
000242F8, nora_animation_set, "95% - Animation resource selected by Nora ordinary type $26; visual family confirmed from decoded art"
0002556C, jack_animation_set, "95% - Shared animation resource selected by Jack type $27 and its type-$28 axe/torch projectile helper; visual family confirmed from decoded art"
00026FCE, ordinary_enemy_combat_value_table, "100% - Six-byte records: initial-health bytes for variants 0-2 followed by their attack-damage bytes"
00027010, ordinary_enemy_accounting_selector_table, "100% - Type/variant bytes copied to object +$39 for score and palette/accounting selection"
00027032, ordinary_enemy_animation_set_pointer_table, "100% - L[11] - Animation/behavior resource pointer selected by ordinary type $20-$2A"

# Bosses and final encounter
00012B5C, mr_x_office_controller_update, "100% - Type-$33 office controller primary-state dispatcher; creates linked scene objects and hands off to the type-$35 Mr. X body"
00012CE0, mr_x_office_controller_spawn_boss, "100% - When level-flow bit 3 is set, allocates type-$35 Mr. X at the controller position, removes the linked type-$34 object, and clears the controller"
0001306A, mr_x_boss_update, "100% - Mr. X bespoke primary-state dispatcher and global reaction gate; dispatcher object type $35"
00013E4C, mr_x_final_encounter_init, "100% - Registers Mr. X with final-stage HUD/completion state via $FA77/$F50E/$F502 and initializes combat presentation"
00013EBC, mr_x_init_combat_stats, "100% - Initializes Mr. X health and outgoing damage from the difficulty table at $13ED0"
00013ED8, bespoke_boss_collision_dispatch, "100% - Dispatches collision result d7 for Mr. X/Abadede-era bosses, retaining player target pointer at object +$5C"
000143D0, abadede_update, "100% - Abadede object type $30 top-level update and primary-state dispatch"
000144E0, abadede_init, "100% - Initializes Abadede, creates linked type $31 and optional type $39, loads animations/stats, and selects a player"
0001456A, abadede_init_combat_stats, "100% - Initializes Abadede health/damage from difficulty and ELC variant fields"
000158C4, onihime_yasha_update, "100% - Onihime/Yasha type $58 shared update; targeting, interaction maintenance, and primary-state dispatch"
00015946, onihime_yasha_select_target, "100% - Selects and caches a player for a twin using availability, sticky lock +$74, and nearest-X; pair role seeds grab-vs-approach via +$7B outside this selector"
00015E70, souther_update, "100% - Souther type $55 top-level update and primary-state dispatch"
00016294, souther_select_target, "100% - Selects target using player action, distance, lane, facing, pair role, and hold counters"
0000B3A8, antonio_update_trampoline, "100% - Object table trampoline for type $56; jumps to antonio_update"
00016CE4, antonio_update, "100% - Antonio type $56 top-level update and primary-state dispatch"
00016D40, antonio_select_target, "100% - Selects P1/P2 using availability, X distance, and same-type pair separation"
00017262, antonio_linked_attack_dispatcher, "100% - Antonio linked helper/attack object dispatcher: validates reciprocal object+$6E link, otherwise clears the helper object"
000174E0, bongo_update, "100% - Bongo type $57 top-level update and primary-state dispatch"
0001753A, bongo_select_target, "100% - Selects and caches P1/P2 using alternation, pair role, and nearest-X fallback"
00017C36, boss_apply_pending_damage, "100% - Applies pending damage to types $55-$58 and selects hitstun, knockback, or lethal reaction"
00017EDC, boss_init_combat_stats, "100% - Initializes types $55-$58 base damage and health from type, difficulty, and encounter flags"
00017F2E, boss_link_same_type_pair, "100% - Links same-type bosses, assigns pair roles, and registers late-phase HUD pointers"
00017F9C, boss_unlink_pair, "100% - Clears reciprocal pair metadata when one of a same-type boss pair is removed"
